Название компании,Ссылка на компанию
"53 Центральный проектный институт, АО  9",https://hh.ru/employer/5265369?hhtmFrom=employers_list
"5400, ООО  0",https://hh.ru/employer/9902623?hhtmFrom=employers_list
"542 ЗИВ, АО  0",https://hh.ru/employer/2469585?hhtmFrom=employers_list
"547 Механический завод, ООО  0",https://hh.ru/employer/5502721?hhtmFrom=employers_list
"54car, Другое  0",https://hh.ru/employer/3316154?hhtmFrom=employers_list
"54Cleaning, Другое  0",https://hh.ru/employer/9597663?hhtmFrom=employers_list
"54-mebel, Другое  0",https://hh.ru/employer/2260856?hhtmFrom=employers_list
"54-remont.ru, Другое  0",https://hh.ru/employer/4824682?hhtmFrom=employers_list
"54-REZ (ИП Лебедева Валентина Владимировна), Другое  0",https://hh.ru/employer/9218756?hhtmFrom=employers_list
"54webmaster, Другое  0",https://hh.ru/employer/4931351?hhtmFrom=employers_list
"54 Бетон, ООО  0",https://hh.ru/employer/5420380?hhtmFrom=employers_list
"54 ГАЛЛОНС, ООО  0",https://hh.ru/employer/5993653?hhtmFrom=employers_list
"54 Градуса, ООО  4",https://hh.ru/employer/11345037?hhtmFrom=employers_list
"54забора, ООО  0",https://hh.ru/employer/4287572?hhtmFrom=employers_list
"54 кухни, Другое  1",https://hh.ru/employer/1569756?hhtmFrom=employers_list
"54-метра, ООО  0",https://hh.ru/employer/1334833?hhtmFrom=employers_list
"54 НСК, ООО  0",https://hh.ru/employer/2995636?hhtmFrom=employers_list
"54 Принт, ООО  0",https://hh.ru/employer/4517816?hhtmFrom=employers_list
"54 Ронина, Другое  0",https://hh.ru/employer/6023575?hhtmFrom=employers_list
"54 Студио, ООО  0",https://hh.ru/employer/3597505?hhtmFrom=employers_list
"54 Студия, ООО  0",https://hh.ru/employer/3691297?hhtmFrom=employers_list
"54 Юникс, Другое  0",https://hh.ru/employer/3100815?hhtmFrom=employers_list
"54-я Гвардейская ордена Кутузова II степени РД, Другое  0",https://hh.ru/employer/9727052?hhtmFrom=employers_list
"5518Studios Inc, Другое  0",https://hh.ru/employer/2785919?hhtmFrom=employers_list
"5-55, Другое  0",https://hh.ru/employer/963644?hhtmFrom=employers_list
"555, ООО  0",https://hh.ru/employer/1115507?hhtmFrom=employers_list
"5-55, Другое  1",https://hh.ru/employer/1203023?hhtmFrom=employers_list
"555, ООО  0",https://hh.ru/employer/3414695?hhtmFrom=employers_list
"555, ООО  0",https://hh.ru/employer/3746335?hhtmFrom=employers_list
"555, ООО  0",https://hh.ru/employer/4549064?hhtmFrom=employers_list
"555, ООО  0",https://hh.ru/employer/5469777?hhtmFrom=employers_list
"555, ООО  0",https://hh.ru/employer/6129590?hhtmFrom=employers_list
"55555555.ru, Другое  0",https://hh.ru/employer/816661?hhtmFrom=employers_list
"555auto, ООО  0",https://hh.ru/employer/822704?hhtmFrom=employers_list
"555, автосервис, Другое  0",https://hh.ru/employer/9307621?hhtmFrom=employers_list
"555, Рекламное агентство, ООО  0",https://hh.ru/employer/806553?hhtmFrom=employers_list
"55 Element, Другое  0",https://hh.ru/employer/9919055?hhtmFrom=employers_list
"55element, Другое  0",https://hh.ru/employer/10481158?hhtmFrom=employers_list
"55Kovka, Другое  0",https://hh.ru/employer/8995628?hhtmFrom=employers_list
"55rint, Другое  0",https://hh.ru/employer/3970402?hhtmFrom=employers_list
"55 Авеню, Другое  0",https://hh.ru/employer/9742287?hhtmFrom=employers_list
"55 Айти Идей, ООО  0",https://hh.ru/employer/3423805?hhtmFrom=employers_list
"55 АРСЕНАЛ, АО  0",https://hh.ru/employer/3029438?hhtmFrom=employers_list
"55-й Регион, ООО  0",https://hh.ru/employer/3756188?hhtmFrom=employers_list
"55 Картриджей, ООО  0",https://hh.ru/employer/1023116?hhtmFrom=employers_list
"55_Конструктор, ООО  0",https://hh.ru/employer/9751469?hhtmFrom=employers_list
"55 Линий, Другое  1",https://hh.ru/employer/5430785?hhtmFrom=employers_list
"55 пк, ООО  0",https://hh.ru/employer/1692030?hhtmFrom=employers_list
"55 Резина, Другое  0",https://hh.ru/employer/5730471?hhtmFrom=employers_list
"5×5, учебный центр, Другое  0",https://hh.ru/employer/6166733?hhtmFrom=employers_list
"55 широта, Гостиничный комплекс, ООО  0",https://hh.ru/employer/607976?hhtmFrom=employers_list
"55 Энтузиастов, Другое  0",https://hh.ru/employer/3085743?hhtmFrom=employers_list
"560 Бронетанковый Ремонтный Завод, АО  0",https://hh.ru/employer/11175112?hhtmFrom=employers_list
"56AKS, Другое  0",https://hh.ru/employer/4809497?hhtmFrom=employers_list
"56Metrov, Другое  0",https://hh.ru/employer/5798900?hhtmFrom=employers_list
"5-6 Place, Другое  0",https://hh.ru/employer/10912584?hhtmFrom=employers_list
"56Promo, BTL-агентство, ИП  0",https://hh.ru/employer/1017137?hhtmFrom=employers_list
"56Альпинистов, ООО  0",https://hh.ru/employer/4090758?hhtmFrom=employers_list
"56 комплекс НЧ, ООО  0",https://hh.ru/employer/3068767?hhtmFrom=employers_list
"56медиа, ООО  0",https://hh.ru/employer/908034?hhtmFrom=employers_list
"57, ООО  0",https://hh.ru/employer/1003419?hhtmFrom=employers_list
"579, ООО  0",https://hh.ru/employer/1632492?hhtmFrom=employers_list
"57 грань, ООО  0",https://hh.ru/employer/5794225?hhtmFrom=employers_list
"57 отдел полиции УМВД России по Выборгскому району г. Санкт-Петербурга, Другое  0",https://hh.ru/employer/4594243?hhtmFrom=employers_list
"57 СПЧ 27 ПСО ФПС по г. Москве, Другое  0",https://hh.ru/employer/3899087?hhtmFrom=employers_list
"5/8, Другое  3",https://hh.ru/employer/3461286?hhtmFrom=employers_list
"585, Золотой, Другое  415",https://hh.ru/employer/916364?hhtmFrom=employers_list
"585 Золотой, Другое  0",https://hh.ru/employer/4075163?hhtmFrom=employers_list
"585 Золотой (ИП Бабичева Мария Юрьевна), Другое  1",https://hh.ru/employer/9837059?hhtmFrom=employers_list
"585 Золотой (ООО Шанс-2), ООО  0",https://hh.ru/employer/2899566?hhtmFrom=employers_list
"585ФИРМ, ООО  0",https://hh.ru/employer/10089242?hhtmFrom=employers_list
"585, Холдинг, Другое  259",https://hh.ru/employer/22259?hhtmFrom=employers_list
"58eda.ru, Другое  0",https://hh.ru/employer/5155784?hhtmFrom=employers_list
"58 Мир Мебели, Другое  0",https://hh.ru/employer/5813828?hhtmFrom=employers_list
"58 отдел полиции УМВД России по Выборгскому району Санкт-Петербурга, Другое  0",https://hh.ru/employer/4509363?hhtmFrom=employers_list
"58 Регион, ООО  0",https://hh.ru/employer/2651749?hhtmFrom=employers_list
"58 Регион, Другое  0",https://hh.ru/employer/10065715?hhtmFrom=employers_list
"58 Центральный завод полигонного и учебного оборудования, ОАО  0",https://hh.ru/employer/1041303?hhtmFrom=employers_list
"58 Центральный проектный институт, ООО  0",https://hh.ru/employer/565930?hhtmFrom=employers_list
"58 Центральный Проектный Институт, ООО  0",https://hh.ru/employer/10612801?hhtmFrom=employers_list
"595 PRODUCTION, Другое  0",https://hh.ru/employer/9821050?hhtmFrom=employers_list
"59_avenue_store, Другое  0",https://hh.ru/employer/9492561?hhtmFrom=employers_list
"59mebel, ООО  0",https://hh.ru/employer/3344292?hhtmFrom=employers_list
"59ROZ, ИП  0",https://hh.ru/employer/1553722?hhtmFrom=employers_list
"59Sale (ИП Писарев Денис Сергеевич), Другое  0",https://hh.ru/employer/5771666?hhtmFrom=employers_list
"59Store, Другое  0",https://hh.ru/employer/5811861?hhtmFrom=employers_list
"59wheels (ИП Писарев Денис Сергеевич), Другое  0",https://hh.ru/employer/9223718?hhtmFrom=employers_list
"59 арсенал, ОАО  0",https://hh.ru/employer/1954498?hhtmFrom=employers_list
"59 Верста, ООО  0",https://hh.ru/employer/4857739?hhtmFrom=employers_list
"59 минут, салон часов, Другое  0",https://hh.ru/employer/10200886?hhtmFrom=employers_list
"59 отдел полиции УМВД России по Выборгскому району, Другое  0",https://hh.ru/employer/4843850?hhtmFrom=employers_list
"59 ПСО ФПС ГПС ГУ МЧС России по Свердловской области, ГП  0",https://hh.ru/employer/6038251?hhtmFrom=employers_list
"59 Транс, ООО  0",https://hh.ru/employer/10830175?hhtmFrom=employers_list
"59 широта, ООО  0",https://hh.ru/employer/3111219?hhtmFrom=employers_list
"5AM Capital, Другое  0",https://hh.ru/employer/6068520?hhtmFrom=employers_list
"5avenue, ИП  0",https://hh.ru/employer/1165480?hhtmFrom=employers_list
"5 avenue, Другое  0",https://hh.ru/employer/2910392?hhtmFrom=employers_list
"5 Avenue, Другое  0",https://hh.ru/employer/6150635?hhtmFrom=employers_list
"5 AVENUE, салон, Другое  0",https://hh.ru/employer/6410959?hhtmFrom=employers_list
"5Avto, Другое  0",https://hh.ru/employer/9768607?hhtmFrom=employers_list
